{"cameraMode":{"drawMode":0,"name":"Shaded","section":"Shading Mode"},"sceneLighting":true,"audioPlay":false,"sceneViewState":{"m_AlwaysRefresh":false,"showFog":true,"showSkybox":true,"showFlares":true,"showImageEffects":true,"showParticleSystems":true,"showVisualEffectGraphs":true,"m_FxEnabled":true},"in2DMode":false,"pivot":{"x":111.27911376953125,"y":29.462543487548829,"z":-15.240503311157227},"rotation":{"x":0.13897991180419923,"y":-0.40831488370895388,"z":0.06297574192285538,"w":0.9000877141952515},"size":2.246623992919922,"orthographic":false}