{"cameraMode":{"drawMode":0,"name":"Shaded","section":"Shading Mode"},"sceneLighting":true,"audioPlay":false,"sceneViewState":{"m_AlwaysRefresh":false,"showFog":true,"showSkybox":true,"showFlares":true,"showImageEffects":true,"showParticleSystems":true,"showVisualEffectGraphs":true,"m_FxEnabled":true},"in2DMode":false,"pivot":{"x":-19.04072380065918,"y":27.987810134887697,"z":47.15353775024414},"rotation":{"x":0.02442437969148159,"y":0.8581758737564087,"z":-0.041500020772218707,"w":0.5111117362976074},"size":1.9153714179992676,"orthographic":false}