{"cameraMode":{"drawMode":0,"name":"Shaded","section":"Shading Mode"},"sceneLighting":false,"audioPlay":false,"sceneViewState":{"m_AlwaysRefresh":false,"showFog":false,"showSkybox":false,"showFlares":false,"showImageEffects":false,"showParticleSystems":false,"showVisualEffectGraphs":true,"m_FxEnabled":true},"in2DMode":false,"pivot":{"x":0.11017025262117386,"y":0.08330950886011124,"z":0.1280880719423294},"rotation":{"x":0.061762064695358279,"y":-0.9330811500549316,"z":0.1950025111436844,"w":0.2958507537841797},"size":0.02279743365943432,"orthographic":false}